ticker,tier,announce_utc,trading_open_utc,lag_h,open_price,t0_qvol_usdt,from_open_max_1h,from_open_min_1h,from_open_close_1h,from_open_max_24h,from_open_min_24h,from_open_close_24h,from_open_max_72h,from_open_min_72h,from_open_close_72h,from_c1_max_24h,from_c1_min_24h,from_c1_close_24h,from_c1_max_72h,from_c1_min_72h,from_c1_close_72h
ONG,A,2019-02-15 09:31,2019-02-16 10:00,24.47,1.2,5324596,2.3333,-0.2083,0.1,2.3333,-0.3725,-0.2807,2.3333,-0.4502,-0.3608,2.0303,-0.4295,-0.3461,2.0303,-0.5002,-0.4189
ATOM,A,2019-04-28 08:43,2019-04-29 04:00,19.28,4.755,2915926,0.0,-0.156,-0.1207,0.0,-0.2301,-0.1895,0.0,-0.2301,-0.0974,0.1373,-0.1244,-0.0782,0.1373,-0.1244,0.0265
TFUEL,A,2019-05-24 03:00,2019-05-24 10:00,7.0,0.025,3007274,0.04,-0.468,-0.4512,0.04,-0.5112,-0.0664,0.04,-0.5112,-0.306,0.895,-0.1093,0.7012,0.895,-0.1093,0.2646
FTM,A,2019-06-10 09:45,2019-06-11 04:00,18.24,0.0359,10123992,0.2535,-0.1643,0.0808,0.2535,-0.1643,-0.1217,0.2535,-0.1833,-0.1429,0.1598,-0.2268,-0.1874,0.1598,-0.2443,-0.207
ALGO,A,2019-06-21 02:39,2019-06-22 00:00,21.35,3.4,6148411,0.0118,-0.2291,-0.2032,0.0118,-0.4471,-0.3553,0.0118,-0.6174,-0.5835,0.2698,-0.306,-0.1908,0.2698,-0.5197,-0.4773
DOGE,A,2019-07-05 07:14,2019-07-05 12:00,4.76,0.00449,3849419,0.0245,-0.1626,-0.1259,0.0245,-0.2094,-0.1904,0.0245,-0.2505,-0.2096,0.172,-0.0955,-0.0738,0.172,-0.1426,-0.0958
DUSK,A,2019-07-22 07:20,2019-07-22 10:00,2.66,0.612,1659844,0.0899,-0.4261,-0.4245,0.0899,-0.5641,-0.5542,0.0899,-0.7219,-0.6997,0.8938,-0.2425,-0.2254,0.8938,-0.5168,-0.4781
COS,A,2019-08-02 07:48,2019-08-03 10:00,26.2,0.03268,1526728,0.1016,-0.3112,-0.2711,0.1016,-0.3449,-0.3253,0.1016,-0.4734,-0.418,0.5113,-0.1012,-0.0743,0.5113,-0.2775,-0.2015
COCOS,A,2019-08-20 11:22,2019-08-21 11:00,23.62,0.0078,4150604,0.0128,-0.7051,-0.6915,0.0128,-0.7276,-0.7195,0.0128,-0.7645,-0.761,2.2835,-0.1168,-0.0906,2.2835,-0.2365,-0.2253
BUSD,B,2019-09-17 10:43,2019-09-20 08:00,69.27,238.7,43478,0.2823,-1.0,-0.9958,0.2823,-1.0,-0.9958,0.2823,-1.0,-0.9958,305.0963,-0.9995,-0.0001,305.0963,-0.9995,0.0
NKN,B,2019-10-11 10:07,2019-10-11 14:00,3.87,0.028,487371,0.0714,-0.1786,-0.0596,0.4779,-0.1786,0.3371,1.765,-0.1786,0.55,0.5716,-0.1265,0.422,1.9404,-0.1265,0.6483
ARPA,B,2019-11-06 10:37,2019-11-06 14:00,3.37,0.02109,2340149,0.4225,-0.028,0.2328,0.8018,-0.028,0.0725,0.8018,-0.0835,0.0251,0.4615,-0.2115,-0.13,0.4615,-0.2565,-0.1685
CTXC,B,2019-11-22 10:00,2019-11-22 14:00,4.0,0.1598,670499,0.0563,-0.1834,-0.1352,0.0563,-0.2753,-0.194,0.0563,-0.4969,-0.4474,0.2214,-0.1621,-0.068,0.2214,-0.4182,-0.3611
VITE,B,2019-12-13 10:23,2019-12-13 14:00,3.6,0.02083,517553,0.1522,-0.2693,-0.2112,0.1522,-0.3077,-0.2928,0.1522,-0.3917,-0.2976,0.4607,-0.1223,-0.1035,0.4607,-0.2288,-0.1096
DREP,B,2020-01-16 11:06,2020-01-16 14:00,2.88,0.003724,1398818,0.4662,-0.0124,0.1982,0.4662,-0.083,-0.0435,0.4662,-0.311,-0.2927,0.2237,-0.2346,-0.2017,0.2237,-0.4249,-0.4097
MBL,B,2020-02-21 11:08,2020-02-21 14:00,2.86,0.004817,2252249,0.2456,-0.2763,-0.2612,0.2456,-0.4916,-0.4092,0.2456,-0.5028,-0.4775,0.6859,-0.3119,-0.2003,0.6859,-0.3271,-0.2928
STPT,B,2020-03-25 09:32,2020-03-25 14:00,4.46,0.02297,943363,0.0797,-0.185,-0.1637,0.0797,-0.3082,-0.2769,0.0797,-0.4005,-0.3696,0.291,-0.1728,-0.1353,0.291,-0.2832,-0.2462
HIVE,A,2020-04-27 03:57,2020-04-27 05:00,1.05,0.4178,5575515,1.202,0.0,0.5333,1.202,0.0,0.162,1.202,-0.0598,0.1273,0.4362,-0.3478,-0.2421,0.4362,-0.3868,-0.2648
CHR,B,2020-05-07 11:08,2020-05-07 14:00,2.87,0.02771,2154459,0.4258,-0.0935,0.0953,0.4258,-0.1505,-0.0798,0.4258,-0.3674,-0.2671,0.3018,-0.2244,-0.1598,0.3018,-0.4224,-0.3308
MDT,B,2020-06-05 09:48,2020-06-05 14:00,4.19,0.01263,2290875,0.2193,-0.1964,-0.1528,0.2193,-0.2557,-0.1908,0.2193,-0.304,-0.2787,0.4393,-0.1215,-0.0449,0.4393,-0.1785,-0.1486
CRV,A,2020-08-14 02:31,2020-08-15 04:00,25.47,5.0,11984401,3.651,0.0,1.7498,3.651,0.0,0.2874,3.651,-0.254,-0.235,0.6914,-0.6363,-0.5318,0.6914,-0.7287,-0.7218
DOT,A,2020-08-18 13:31,2020-08-18 23:00,9.48,2.09,18375373,1.1244,-0.0431,0.4833,1.1244,-0.0431,0.4061,1.1244,-0.0431,0.3644,0.4323,-0.3548,-0.052,0.4323,-0.3548,-0.0802
NBS,A,2020-09-18 14:34,2020-09-21 10:00,67.42,0.0166,3495083,0.4217,-0.0361,-0.0114,0.4217,-0.3976,-0.3367,0.4217,-0.5663,-0.5518,0.4381,-0.3906,-0.3291,0.4381,-0.5612,-0.5466
FIL,A,2020-10-15 11:13,2020-10-15 17:00,5.77,10.0,13630563,42.0,0.0,5.6422,42.0,0.0,3.567,42.0,0.0,2.54,5.4737,-0.8494,-0.3124,5.4737,-0.8494,-0.467
AKRO,A,2020-11-02 03:33,2020-11-02 07:00,3.44,0.009997,530574,0.2504,0.0,0.0741,0.2504,-0.1327,-0.0964,0.2504,-0.2115,-0.1901,0.1641,-0.1926,-0.1588,0.1641,-0.2659,-0.2459
SKL,A,2020-11-30 09:00,2020-12-01 01:00,16.0,0.03,7124003,3.6667,0.0,1.5453,3.6667,0.0,1.38,3.6667,0.0,2.3753,0.8334,-0.6071,-0.065,0.8334,-0.6071,0.3261
SUSD,A,2020-12-04 08:00,2020-12-04 11:00,3.0,1.0,49045,0.018,-0.0087,-0.0011,0.018,-0.0087,-0.0008,0.1053,-0.0087,0.0036,0.0191,-0.0076,0.0003,0.1065,-0.0076,0.0047
GRT,A,2020-12-17 17:48,2020-12-17 20:00,2.19,0.03,11294116,3.9,0.0,2.54,8.555,0.0,7.3333,24.841,0.0,22.8917,1.6992,-0.7175,1.354,6.2997,-0.7175,5.7491
1INCH,A,2020-12-25 03:17,2020-12-25 05:00,1.71,0.2,35530516,14.4425,0.0,11.913,14.4425,0.0,9.4535,14.4425,0.0,4.987,0.1959,-0.9226,-0.1905,0.1959,-0.9226,-0.5364
CELO,A,2021-01-05 03:36,2021-01-05 08:00,4.39,1.588,9355434,1.5945,0.0,1.1977,1.5945,0.0,0.505,1.5945,0.0,0.3442,0.1805,-0.545,-0.3152,0.1805,-0.545,-0.3884
RIF,A,2021-01-07 05:00,2021-01-07 13:00,8.0,0.1936,5937872,1.5826,0.0,0.2061,1.5826,-0.2619,-0.0863,1.5826,-0.2619,-0.0682,1.1413,-0.388,-0.2424,1.1413,-0.388,-0.2274
TRU,A,2021-01-19 04:00,2021-01-19 07:00,2.99,0.2466,8930979,0.5612,0.0,0.3832,0.5612,0.0,0.0953,0.5612,-0.1833,-0.0827,0.1287,-0.277,-0.2082,0.1287,-0.4096,-0.3369
CKB,A,2021-01-26 07:00,2021-01-26 12:00,5.0,0.006088,6513163,0.3469,0.0,0.2073,0.3469,-0.1488,-0.1459,0.3469,-0.2034,-0.1148,0.1156,-0.295,-0.2925,0.1156,-0.3401,-0.2668
TWT,A,2021-01-27 05:00,2021-01-27 08:00,3.0,0.1698,15385931,1.9446,0.0,0.7008,1.9446,0.0,0.9458,1.9446,0.0,0.8781,0.7313,-0.412,0.144,0.7313,-0.412,0.1042
ACM,A,2021-02-24 04:01,2021-02-24 11:00,6.98,6.5,91325387,2.9169,0.0,2.7572,2.9169,0.0,2.1611,2.9169,0.0,0.8462,0.0425,-0.7338,-0.1587,0.0425,-0.7338,-0.5086
BADGER,A,2021-03-02 05:00,2021-03-02 08:00,3.0,51.8,12619022,0.2529,0.0,0.1084,0.2529,-0.0734,0.1178,0.2529,-0.1293,-0.1147,0.1304,-0.164,0.0085,0.1304,-0.2145,-0.2012
FIS,A,2021-03-03 05:00,2021-03-03 08:00,3.0,3.341,9994705,0.3167,0.0,0.082,0.3167,-0.0793,-0.0617,0.3167,-0.1978,-0.1544,0.2169,-0.1491,-0.1328,0.2169,-0.2586,-0.2185
OM,A,2021-03-08 06:00,2021-03-08 09:00,3.0,0.2818,20479714,1.0703,0.0,0.3914,1.0703,0.0,0.3662,1.0703,0.0,0.2119,0.4879,-0.2813,-0.0181,0.4879,-0.2813,-0.129
POND,A,2021-03-09 05:00,2021-03-09 08:00,3.0,0.1598,15333045,0.2516,-0.0263,0.0138,0.2516,-0.077,-0.0388,0.2516,-0.1859,-0.0889,0.2346,-0.0895,-0.0519,0.2346,-0.1969,-0.1012
DEGO,A,2021-03-10 04:00,2021-03-10 11:00,7.0,7.25,60958540,1.3294,0.0,0.5036,1.3294,0.0,0.2483,1.3294,0.0,0.6652,0.5492,-0.3349,-0.1698,0.5492,-0.3349,0.1075
LINA,A,2021-03-18 04:00,2021-03-18 12:00,8.0,0.085,242251112,10.7647,0.0,2.2176,10.7647,0.0,1.2447,10.7647,0.0,0.9482,2.6563,-0.6892,-0.3024,2.6563,-0.6892,-0.3945
PERP,A,2021-03-19 04:53,2021-03-19 08:00,3.1,9.38,57235669,0.8763,0.0,0.1104,0.8763,-0.0694,-0.0486,0.8763,-0.1841,-0.163,0.6897,-0.162,-0.1432,0.6897,-0.2653,-0.2463
RAMP,A,2021-03-22 05:56,2021-03-22 09:00,3.06,0.68,39330663,0.9118,0.0,0.0585,0.9118,-0.2279,-0.211,0.9118,-0.2353,-0.0829,0.8061,-0.2706,-0.2547,0.8061,-0.2776,-0.1336
SUPER,A,2021-03-25 07:23,2021-03-25 10:00,2.6,2.71,24637905,0.1771,-0.2314,-0.1601,0.1771,-0.2886,0.0004,0.4347,-0.2886,0.2753,0.4016,-0.1529,0.1911,0.7083,-0.1529,0.5185
CFX,A,2021-03-29 06:54,2021-03-29 11:00,4.1,1.289,27022186,0.4352,0.0,0.0621,0.4352,-0.0085,0.0264,0.4352,-0.2219,-0.1466,0.3514,-0.0665,-0.0336,0.3514,-0.2673,-0.1965
EPS,A,2021-04-02 05:00,2021-04-02 09:00,4.0,4.502,61591346,3.9978,0.0,1.086,3.9978,0.0,0.584,3.9978,0.0,0.0817,1.3959,-0.5206,-0.2407,1.3959,-0.5206,-0.4814
AUTO,A,2021-04-02 05:00,2021-04-02 09:00,4.0,5037.02,19676592,0.7463,-0.057,0.0049,0.7463,-0.1199,-0.0804,0.7463,-0.2654,-0.2114,0.7378,-0.1242,-0.0849,0.7378,-0.269,-0.2152
MIR,A,2021-04-19 08:41,2021-04-19 11:00,2.3,7.89,26693832,0.8441,0.0,0.2388,0.8441,0.0,0.1603,0.8441,0.0,0.2057,0.4886,-0.1928,-0.0633,0.4886,-0.1928,-0.0267
BAR,A,2021-04-21 04:00,2021-04-21 11:00,7.0,38.19,79017542,0.9324,0.0,0.3654,0.9324,0.0,0.0734,0.9324,-0.2245,-0.0445,0.4153,-0.2676,-0.2138,0.4153,-0.432,-0.3002
FORTH,A,2021-04-23 06:04,2021-04-23 09:00,2.92,35.51,7480358,0.2672,-0.058,-0.0199,0.6615,-0.058,0.1478,0.6615,-0.096,0.0434,0.6953,-0.0388,0.1711,0.6953,-0.0776,0.0646
SHIB,A,2021-05-10 07:44,2021-05-10 11:00,3.26,1.412e-05,498117069,2.5411,0.0,1.1041,2.5411,0.0,1.386,2.5411,0.0,0.1268,0.6829,-0.5247,0.134,0.6829,-0.5247,-0.4645
ICP,A,2021-05-10 13:52,2021-05-11 01:00,11.12,249.28,125820301,10.3568,0.0,0.5444,10.3568,0.0,0.4281,10.3568,0.0,0.2773,6.3533,-0.3525,-0.0753,6.3533,-0.3525,-0.173
AR,A,2021-05-14 04:36,2021-05-14 12:00,7.39,27.18,49279372,1.8624,0.0,0.3223,1.8624,0.0,0.0816,1.8624,-0.2217,-0.1278,1.1647,-0.2438,-0.182,1.1647,-0.4114,-0.3404
POLS,A,2021-05-19 03:58,2021-05-19 07:00,3.03,3.218,10557146,0.2399,-0.1827,-0.1147,0.2399,-0.5827,-0.2293,0.2399,-0.5827,-0.4024,0.4005,-0.5286,-0.1295,0.4005,-0.5286,-0.325
MDX,A,2021-05-24 05:54,2021-05-24 09:00,3.08,1.6071,21390824,0.6054,0.0,0.2242,0.6054,0.0,0.2451,0.6054,0.0,0.1991,0.3114,-0.1831,0.0171,0.3114,-0.1831,-0.0205
MASK,A,2021-05-25 03:10,2021-05-25 06:00,2.83,8.118,9253654,0.355,0.0,0.1604,0.355,-0.0648,0.0533,0.355,-0.0994,-0.0994,0.1677,-0.1941,-0.0923,0.1677,-0.2239,-0.2239
LPT,A,2021-05-28 02:12,2021-05-28 05:00,2.78,31.14,3654170,0.0902,-0.1657,-0.1442,0.0902,-0.1657,-0.1214,0.0902,-0.3009,-0.2646,0.2739,-0.0251,0.0266,0.2739,-0.1831,-0.1407
NU,A,2021-06-04 02:27,2021-06-04 05:00,2.55,0.3473,2821908,1.3035,0.0,0.0818,1.3035,0.0,0.2079,1.3035,0.0,0.074,1.1294,-0.0756,0.1166,1.1294,-0.0756,-0.0072
GTC,A,2021-06-10 06:35,2021-06-10 10:00,3.41,9.52,20333777,1.521,0.0,0.2815,1.521,0.0,0.5609,1.521,0.0,0.0956,0.9672,-0.2197,0.218,0.9672,-0.2197,-0.1451
TORN,A,2021-06-11 02:32,2021-06-11 06:00,3.47,71.89,8383148,0.1893,0.0,0.0629,0.2178,-0.3059,-0.2885,0.2178,-0.3059,-0.2216,0.1458,-0.3469,-0.3306,0.1458,-0.3469,-0.2676
KEEP,A,2021-06-17 02:34,2021-06-17 06:00,3.42,0.5386,28222212,1.0052,0.0,0.1755,1.0052,0.0,0.083,1.0052,-0.1775,-0.1578,0.7059,-0.1493,-0.0787,0.7059,-0.3003,-0.2835
ERN,A,2021-06-22 02:38,2021-06-22 06:00,3.36,7.991,6542887,0.2264,0.0,0.0609,0.2264,-0.3117,-0.1241,0.2264,-0.3117,-0.1813,0.1559,-0.3513,-0.1745,0.1559,-0.3513,-0.2284
KLAY,A,2021-06-24 03:42,2021-06-24 08:00,4.3,0.8974,12193925,0.511,0.0,0.1372,0.511,0.0,0.121,0.511,-0.0378,0.0534,0.3288,-0.1206,-0.0142,0.3288,-0.1538,-0.0737
BOND,A,2021-07-05 02:05,2021-07-05 06:00,3.91,37.48,5449212,0.1206,-0.0958,-0.0318,0.1206,-0.1097,-0.0264,0.1206,-0.1566,-0.1545,0.1573,-0.0805,0.0055,0.1573,-0.129,-0.1268
MLN,A,2021-07-05 02:05,2021-07-05 06:00,3.91,83.01,10005206,1.008,-0.0349,0.1259,1.008,-0.0349,0.3721,1.008,-0.0349,0.0488,0.7834,-0.1428,0.2187,0.7834,-0.1428,-0.0685
CLV,A,2021-07-29 02:01,2021-07-29 06:00,3.97,1.209,37043369,1.0554,0.0,0.3292,1.0554,-0.0248,-0.0157,1.0554,-0.0554,-0.0248,0.5464,-0.2663,-0.2595,0.5464,-0.2894,-0.2663
QNT,A,2021-07-29 02:01,2021-07-29 06:00,3.97,100.4,8730837,0.5608,0.0,0.1504,0.5608,0.0,0.2938,0.5936,0.0,0.5827,0.3567,-0.1307,0.1247,0.3853,-0.1307,0.3758
FLOW,A,2021-07-30 07:00,2021-07-30 13:00,6.0,18.31,65911521,0.9448,0.0,0.2927,0.9448,0.0,0.3053,0.9448,0.0,0.1726,0.5044,-0.2264,0.0097,0.5044,-0.2264,-0.0929
MINA,A,2021-08-10 01:55,2021-08-10 06:00,4.07,2.481,26823428,0.5639,0.0,0.2124,0.5639,0.0,0.2624,0.5639,0.0,0.1576,0.2899,-0.1752,0.0412,0.2899,-0.1752,-0.0452
RAY,A,2021-08-10 01:55,2021-08-10 06:00,4.07,3.862,10076200,0.4241,0.0,0.116,0.4241,0.0,0.1189,0.4241,0.0,0.1838,0.2761,-0.1039,0.0026,0.2761,-0.1039,0.0608
ALPACA,A,2021-08-11 03:30,2021-08-11 08:00,4.49,0.9611,25602698,0.7168,0.0,0.3733,0.7168,0.0,0.199,0.7168,0.0,0.1284,0.2501,-0.2718,-0.1269,0.2501,-0.2718,-0.1783
FARM,A,2021-08-11 03:30,2021-08-11 08:00,4.49,196.2,48357116,3.8848,0.0,0.9985,3.8848,0.0,0.4801,3.8848,0.0,0.4822,1.4443,-0.4996,-0.2594,1.4443,-0.4996,-0.2584
MBOX,A,2021-08-19 02:59,2021-08-19 08:00,5.01,1.969,46139239,1.2296,0.0,0.6541,1.9812,0.0,1.3367,1.9812,0.0,1.2092,0.8023,-0.3955,0.4126,0.8023,-0.3955,0.3356
WAXP,A,2021-08-23 02:30,2021-08-23 06:00,3.49,0.1852,67037490,2.3045,0.0,1.2295,2.3045,0.0,0.9282,2.3045,0.0,1.0518,0.4822,-0.5515,-0.1351,0.4822,-0.5515,-0.0797
TRIBE,A,2021-08-24 01:59,2021-08-24 06:00,4.02,0.6822,50557822,0.6124,0.0,0.257,0.6124,0.0,0.3473,0.6124,0.0,0.2945,0.2828,-0.2044,0.0718,0.2828,-0.2044,0.0299
GNO,A,2021-08-30 02:01,2021-08-30 06:00,3.97,294.9,21136128,0.4174,0.0,0.2438,0.4174,0.0,0.0614,0.4174,-0.1055,0.0437,0.1396,-0.196,-0.1467,0.1396,-0.2808,-0.1609
DYDX,A,2021-09-08 14:59,2021-09-09 02:00,11.0,3.0,80605358,3.8333,0.0,3.7587,4.4783,0.0,3.546,4.4783,0.0,2.626,0.1512,-0.7899,-0.0447,0.1512,-0.7899,-0.238
GALA,A,2021-09-13 02:00,2021-09-13 06:00,3.99,0.02103,88226431,2.7114,0.0,2.1274,2.7114,0.0,1.3229,2.7114,0.0,2.0514,0.1867,-0.6802,-0.2573,0.1867,-0.6802,-0.0243
ILV,A,2021-09-22 03:26,2021-09-22 06:00,2.56,414.5,22690411,0.4451,0.0,0.3259,0.5778,0.0,0.4707,0.5778,0.0,0.2089,0.19,-0.2458,0.1092,0.19,-0.2458,-0.0882
YGG,A,2021-09-24 01:58,2021-09-24 06:00,4.02,6.107,28626729,0.3918,0.0,0.2346,0.3918,-0.02,0.0452,0.3918,-0.2415,-0.1264,0.1273,-0.2062,-0.1534,0.1273,-0.3857,-0.2924
FIDA,A,2021-09-30 02:29,2021-09-30 12:00,9.51,5.655,31971959,0.2607,0.0,0.1284,0.2607,0.0,0.1165,0.272,0.0,0.2492,0.1172,-0.1138,-0.0105,0.1273,-0.1138,0.107
AGLD,A,2021-10-05 02:38,2021-10-05 07:00,4.37,2.951,25025050,0.4199,0.0,0.283,0.8424,0.0,0.508,0.8424,0.0,0.3162,0.4361,-0.2205,0.1754,0.4361,-0.2205,0.0259
RAD,A,2021-10-07 03:24,2021-10-07 07:00,3.59,9.701,126819852,2.144,0.0,1.3451,2.144,0.0,0.8772,2.144,0.0,0.4759,0.3407,-0.5736,-0.1995,0.3407,-0.5736,-0.3706
RARE,A,2021-10-11 02:03,2021-10-11 06:00,3.93,1.481,103351271,2.3761,0.0,1.2046,2.3761,0.0,0.7441,2.3761,0.0,0.372,0.5314,-0.5464,-0.2089,0.5314,-0.5464,-0.3776
CHESS,A,2021-10-22 02:36,2021-10-22 06:00,3.39,2.721,52275961,2.3811,0.0,1.0849,2.3811,0.0,0.6233,2.3811,0.0,0.2477,0.6217,-0.5204,-0.2214,0.6217,-0.5204,-0.4016
BNX,A,2021-11-04 06:55,2021-11-04 11:00,4.07,109.7,42954941,1.0966,0.0,0.2862,1.0966,0.0,0.0757,1.0966,-0.0219,0.2789,0.63,-0.2225,-0.1637,0.63,-0.2395,-0.0057
RGT,A,2021-11-05 02:09,2021-11-05 06:00,3.85,44.21,15250612,0.4001,-0.043,0.0057,0.4001,-0.271,0.0812,0.5834,-0.271,0.0405,0.3923,-0.2751,0.0751,0.5744,-0.2751,0.0346
MOVR,A,2021-11-08 01:59,2021-11-08 06:00,4.01,386.2,15377574,0.3982,0.0,0.0611,0.3982,-0.0003,0.0088,0.3982,-0.3923,-0.1157,0.3177,-0.0578,-0.0493,0.3177,-0.4273,-0.1667
CITY,A,2021-11-10 02:03,2021-11-10 08:00,5.95,14.44,29611972,2.6704,0.0,0.2542,2.6704,0.0,0.117,2.6704,-0.0145,0.0125,1.9266,-0.2027,-0.1093,1.9266,-0.2142,-0.1927
ENS,A,2021-11-10 03:12,2021-11-10 07:00,3.8,43.66,58085577,1.7485,0.0,0.3207,1.7485,0.0,0.5559,1.7485,0.0,0.1315,1.0812,-0.2428,0.1781,1.0812,-0.2428,-0.1433
QI,A,2021-11-15 01:58,2021-11-15 08:00,6.03,0.1739,48601461,0.7251,0.0,0.2973,0.7251,0.0,0.2605,0.7251,0.0,0.1443,0.3298,-0.2292,-0.0284,0.3298,-0.2292,-0.1179
JASMY,A,2021-11-22 07:59,2021-11-22 12:00,4.0,0.1451,82152932,1.5148,0.0,0.7436,1.5148,0.0,0.366,1.5148,0.0,0.2481,0.4423,-0.4265,-0.2166,0.4423,-0.4265,-0.2842
AMP,A,2021-11-23 01:59,2021-11-23 06:00,4.01,0.04975,14611668,0.5477,0.0,0.3668,0.608,0.0,0.277,0.608,0.0,0.2448,0.1765,-0.2684,-0.0657,0.1765,-0.2684,-0.0893
PLA,A,2021-11-23 01:59,2021-11-23 06:00,4.01,2.44,15658831,0.373,0.0,0.098,0.373,0.0,0.1734,0.3951,0.0,0.0922,0.2505,-0.0892,0.0687,0.2706,-0.0892,-0.0052
PYR,A,2021-11-26 03:45,2021-11-26 08:00,4.25,30.39,18782330,0.3162,-0.0026,0.0727,0.6453,-0.0592,0.1846,0.6453,-0.0592,0.2823,0.5337,-0.123,0.1043,0.5337,-0.123,0.1954
RNDR,A,2021-11-27 05:57,2021-11-27 10:00,4.04,6.1,11677425,0.2377,-0.5902,0.0613,0.3025,-0.5902,0.0823,0.3025,-0.5902,0.0492,0.2272,-0.6138,0.0198,0.2272,-0.6138,-0.0114
ALCX,A,2021-11-30 01:59,2021-11-30 06:00,4.01,382.5,6826993,0.1974,-0.001,0.0285,0.1974,-0.0254,0.0058,0.1974,-0.1456,-0.1352,0.1642,-0.0524,-0.0221,0.1642,-0.1693,-0.1591
MC,A,2021-12-02 04:02,2021-12-02 08:00,3.95,10.36,19716791,0.2259,0.0,0.0193,0.2259,-0.2172,-0.0425,0.2259,-0.4305,-0.2963,0.2027,-0.232,-0.0606,0.2027,-0.4413,-0.3097
ANY,A,2021-12-04 02:01,2021-12-04 06:00,3.97,15.02,22083923,0.9973,0.0,0.1218,0.9973,-0.1545,0.0579,0.9973,-0.2011,-0.0133,0.7804,-0.2463,-0.057,0.7804,-0.2878,-0.1205
BICO,A,2021-12-09 01:56,2021-12-09 06:00,4.06,5.631,14109896,0.4205,0.0,0.1536,0.4205,0.0,0.0806,0.4205,-0.0943,-0.0442,0.2314,-0.1332,-0.0633,0.2314,-0.2149,-0.1715
FLUX,A,2021-12-10 01:58,2021-12-10 06:00,4.02,1.22,35163721,3.0984,0.0,1.932,3.0984,0.0,0.5115,3.0984,0.0,0.3639,0.3978,-0.6589,-0.4845,0.3978,-0.6589,-0.5348
HIGH,A,2021-12-17 01:56,2021-12-17 07:00,5.05,24.4,25064430,0.8033,0.0,0.1098,0.8033,-0.377,-0.3516,0.8033,-0.4549,-0.4484,0.6248,-0.4387,-0.4158,0.6248,-0.5089,-0.503
CVX,A,2021-12-23 02:03,2021-12-23 14:00,11.95,38.51,15116946,0.3451,0.0,0.0584,0.3451,0.0,0.0792,0.3451,-0.0003,0.0696,0.2709,-0.0552,0.0196,0.2709,-0.0554,0.0105
PEOPLE,A,2021-12-23 02:03,2021-12-23 06:00,3.95,0.138,26621080,0.4493,0.0,0.192,0.4493,0.0,0.2116,0.4493,0.0,0.0449,0.2158,-0.1611,0.0164,0.2158,-0.1611,-0.1234
SPELL,A,2021-12-24 01:58,2021-12-24 08:00,6.03,0.02357,10738710,0.1922,0.0,0.0437,0.1922,-0.0912,-0.0318,0.1922,-0.1086,-0.0543,0.1423,-0.1293,-0.0724,0.1423,-0.1459,-0.0939
UST,A,2021-12-24 01:58,2021-12-24 08:00,6.03,1.0,3132554,0.05,-0.039,0.001,0.05,-0.039,0.0006,0.05,-0.039,0.0007,0.049,-0.04,-0.0004,0.049,-0.04,-0.0003
JOE,A,2021-12-28 04:56,2021-12-28 11:00,6.05,2.21,21721621,0.2624,0.0,0.0982,0.2624,-0.0045,0.0281,0.2624,-0.1104,-0.0335,0.1496,-0.0935,-0.0639,0.1496,-0.1899,-0.1199
ACH,A,2022-01-10 05:56,2022-01-10 10:00,4.06,0.06464,19882811,0.5048,0.0,0.2059,0.5161,0.0,0.1708,0.5161,-0.0857,-0.0582,0.2572,-0.1708,-0.0291,0.2572,-0.2418,-0.219
IMX,A,2022-01-10 05:56,2022-01-10 10:00,4.06,3.751,4040978,0.1464,0.0,0.0251,0.1464,-0.1024,-0.0936,0.1464,-0.1202,-0.0149,0.1183,-0.1243,-0.1157,0.1183,-0.1417,-0.039
GLMR,A,2022-01-11 06:15,2022-01-11 16:00,9.74,0.25,53752914,203.0,0.0,55.69,203.0,0.0,34.1228,203.0,0.0,55.4804,2.5985,-0.9824,-0.3804,2.5985,-0.9824,-0.0037
API3,A,2022-01-21 06:28,2022-01-21 10:00,3.53,4.19,17315601,0.59,0.0,0.3556,0.7232,-0.0329,0.2053,0.7232,-0.1229,-0.1205,0.2711,-0.2866,-0.1109,0.2711,-0.353,-0.3512
ACA,A,2022-01-25 02:02,2022-01-25 12:00,9.95,2.0,18192347,0.4,-0.08,-0.0165,0.4,-0.09,0.009,0.4,-0.244,-0.2415,0.4235,-0.0747,0.0259,0.4235,-0.2313,-0.2288
ANC,A,2022-01-25 04:52,2022-01-25 11:00,6.13,1.55,10474605,0.2774,0.0,0.0219,0.2774,-0.0077,0.0497,0.2774,-0.1548,-0.1406,0.25,-0.029,0.0271,0.25,-0.173,-0.1591
WOO,A,2022-02-08 02:20,2022-02-08 06:00,3.66,0.6868,8364728,0.2798,0.0,0.1409,0.2798,0.0,0.0692,0.2798,-0.0795,-0.0613,0.1217,-0.1235,-0.0629,0.1217,-0.1932,-0.1773
ASTR,A,2022-02-28 07:24,2022-02-28 11:00,3.6,0.1392,12017574,0.2787,0.0,0.046,0.2787,-0.0826,-0.028,0.2787,-0.1853,-0.176,0.2225,-0.1229,-0.0707,0.2225,-0.2212,-0.2122
KDA,A,2022-03-11 05:17,2022-03-11 11:00,5.71,6.211,19898797,0.5577,0.0,0.2027,0.5577,0.0,0.1257,0.5577,-0.005,0.0425,0.2952,-0.1685,-0.064,0.2952,-0.1727,-0.1332
APE,A,2022-03-17 07:02,2022-03-17 14:00,6.95,1.0,150743234,27.0,0.0,7.9091,27.0,0.0,13.3672,27.0,0.0,10.2044,2.1429,-0.8878,0.6126,2.1429,-0.8878,0.2576
BSW,A,2022-03-21 09:36,2022-03-21 13:00,3.4,0.3534,112121242,2.9049,0.0,2.2898,2.9049,0.0,1.3381,2.9049,0.0,0.9287,0.187,-0.696,-0.2893,0.187,-0.696,-0.4137
MOB,A,2022-04-29 05:58,2022-04-29 10:00,4.02,3.55,73636359,1.5352,0.0,0.6335,1.5352,0.0,0.6577,1.5352,0.0,0.0963,0.552,-0.3878,0.0148,0.552,-0.3878,-0.3288
NEXO,A,2022-04-29 05:58,2022-04-29 14:00,8.02,2.2,62191086,1.2955,0.0,0.0432,1.2955,-0.0436,0.2209,1.2955,-0.0436,0.0132,1.2004,-0.0832,0.1704,1.2004,-0.0832,-0.0288
LDO,A,2022-05-09 06:57,2022-05-09 11:00,4.05,2.81,16774982,0.3843,-0.2349,-0.2149,0.3843,-0.3986,-0.2552,0.3843,-0.5751,-0.5085,0.7634,-0.2339,-0.0512,0.7634,-0.4587,-0.374
OP,A,2022-06-01 01:00,2022-06-01 08:00,7.0,1.44,42315137,0.5278,0.0,0.1097,0.5278,-0.2785,-0.2069,0.5278,-0.2785,-0.0292,0.3767,-0.3498,-0.2854,0.3767,-0.3498,-0.1252
STG,A,2022-08-19 06:11,2022-08-19 09:00,2.81,0.3364,44481749,1.0042,0.0,0.8639,2.2521,0.0,1.3365,2.2521,0.0,1.1403,0.7448,-0.4635,0.2536,0.7448,-0.4635,0.1483
GMX,A,2022-10-05 06:00,2022-10-05 10:00,3.99,40.91,38412006,0.6377,0.0,0.3471,0.6377,0.0,0.1484,0.6377,0.0,0.0733,0.2158,-0.2577,-0.1475,0.2158,-0.2577,-0.2032
APT,A,2022-10-18 01:04,2022-10-19 01:00,23.93,1.0,160817662,99.0,0.0,7.4946,99.0,0.0,6.0431,99.0,0.0,6.5827,10.7722,-0.8823,-0.1709,10.7722,-0.8823,-0.1074
OSMO,A,2022-10-28 04:00,2022-10-28 10:00,5.99,1.04,21592762,0.7192,0.0,0.5769,0.7192,0.0,0.5875,0.7192,0.0,0.5077,0.0902,-0.3659,0.0067,0.0902,-0.3659,-0.0439
MAGIC,A,2022-12-12 04:10,2022-12-12 08:00,3.82,0.3821,19341687,1.5124,0.0,1.3523,1.7043,0.0,0.8608,1.7043,0.0,0.6305,0.1496,-0.5749,-0.2089,0.1496,-0.5749,-0.3069
RPL,A,2023-01-18 04:00,2023-01-18 08:00,4.0,25.66,10246938,0.6719,0.0,0.44,0.6719,0.0,0.2966,0.6719,0.0,0.4147,0.161,-0.3055,-0.0996,0.161,-0.3055,-0.0176
GNS,A,2023-02-17 07:34,2023-02-17 11:00,3.43,6.032,31833825,1.3011,0.0,0.7409,1.3011,0.0,0.7175,1.3011,0.0,0.4957,0.3218,-0.4256,-0.0134,0.3218,-0.4256,-0.1408
SYN,A,2023-02-22 06:30,2023-02-22 10:00,3.49,0.984,30820490,0.9206,0.0,0.7286,0.9206,0.0,0.642,0.9206,0.0,0.3215,0.1111,-0.4215,-0.0501,0.1111,-0.4215,-0.2355
LQTY,A,2023-02-28 07:15,2023-02-28 11:00,3.74,1.0,50086947,1.678,0.0,1.542,1.867,0.0,1.093,1.867,0.0,0.65,0.1279,-0.6066,-0.1766,0.1279,-0.6066,-0.3509
ARB,A,2023-03-20 10:02,2023-03-23 15:00,76.96,0.5,209300218,2.2,0.0,1.65,2.2,0.0,1.745,2.2,0.0,1.6108,0.2075,-0.6226,0.0358,0.2075,-0.6226,-0.0148
RDNT,A,2023-03-30 03:20,2023-03-30 07:00,3.65,0.2745,15719070,0.6321,0.0,0.4936,0.6321,0.0,0.3902,0.6321,0.0,0.2616,0.0927,-0.3305,-0.0693,0.0927,-0.3305,-0.1554
FLOKI,A,2023-05-05 11:20,2023-05-05 18:00,6.67,3.23e-05,16489003,0.6718,0.0,0.3124,0.6718,0.0,0.3467,0.6718,0.0,0.0418,0.2739,-0.238,0.0262,0.2739,-0.238,-0.2062
PEPE,A,2023-05-05 11:20,2023-05-05 18:00,6.67,1.97e-06,60543454,1.2284,0.0,0.5584,1.2284,0.0,0.4518,1.2284,-0.0812,-0.0711,0.43,-0.3583,-0.0684,0.43,-0.4104,-0.4039
PENDLE,A,2023-07-03 06:22,2023-07-03 10:00,3.63,0.7796,13322955,0.6547,0.0,0.2804,0.6547,0.0,0.099,0.6547,0.0,0.1388,0.2923,-0.219,-0.1417,0.2923,-0.219,-0.1106
WLD,A,2023-07-24 07:02,2023-07-24 09:00,1.96,0.15,71696517,34.2667,0.0,15.08,34.2667,0.0,12.4,34.2667,0.0,13.7467,1.1932,-0.9378,-0.1667,1.1932,-0.9378,-0.0829
FDUSD,A,2023-07-26 04:00,2023-07-26 08:00,4.0,1.0,11,0.0,0.0,0.0,0.05,0.0,0.0007,0.05,0.0,0.0006,0.05,0.0,0.0007,0.05,0.0,0.0006
NTRN,A,2023-10-10 07:45,2023-10-10 12:00,4.25,0.2862,14175252,0.747,0.0,0.4231,0.747,0.0,0.2191,0.747,0.0,0.1073,0.2276,-0.2973,-0.1434,0.2276,-0.2973,-0.2219
TIA,A,2023-10-30 13:18,2023-10-31 16:00,26.69,2.877,70893714,0.0427,-0.3396,-0.2203,0.0427,-0.3396,-0.1979,0.0427,-0.3396,-0.1697,0.3374,-0.153,0.0288,0.3374,-0.153,0.065
ORDI,A,2023-11-07 06:44,2023-11-07 12:00,5.26,5.905,30851321,0.9983,0.0,0.7892,1.4809,0.0,1.1727,2.7595,0.0,2.3848,0.3867,-0.4411,0.2144,1.1013,-0.4411,0.8918
BLUR,A,2023-11-24 06:09,2023-11-24 09:00,2.84,0.4067,20201558,0.9425,0.0,0.5267,0.9425,0.0,0.5232,0.9425,0.0,0.2901,0.2723,-0.345,-0.0023,0.2723,-0.345,-0.1549
AEUR,A,2023-12-04 04:14,2023-12-04 10:00,5.76,1.0875,12,0.2,0.0,0.2,0.2,-0.007,-0.0036,1.9885,-0.0198,1.6567,0.0,-0.1725,-0.1697,1.4904,-0.1831,1.2139
JTO,A,2023-12-07 11:55,2023-12-07 16:00,4.07,0.15,70664701,31.9333,0.0,13.2973,31.9333,0.0,22.2667,31.9333,0.0,21.5853,1.3035,-0.9301,0.6273,1.3035,-0.9301,0.5797
1000SATS,A,2023-12-12 06:09,2023-12-12 12:00,5.84,0.0002432,138093047,1.8462,0.0,1.2068,1.8462,0.0,1.0164,2.8766,0.0,2.6558,0.2897,-0.5469,-0.0863,0.7567,-0.5469,0.6566
BONK,A,2023-12-15 03:58,2023-12-15 08:00,4.02,1.952e-05,73366028,1.0492,0.0,0.519,1.0492,0.0,0.2218,1.0492,0.0,0.0435,0.3491,-0.3417,-0.1956,0.3491,-0.3417,-0.313
JUP,A,2024-01-31 07:06,2024-01-31 16:00,8.89,0.03,123445651,28.0667,0.0,22.03,28.0667,0.0,18.76,28.0667,0.0,18.1067,0.2621,-0.9566,-0.142,0.2621,-0.9566,-0.1704
PYTH,A,2024-02-02 07:50,2024-02-02 12:00,4.16,0.371,21169225,0.5633,0.0,0.334,0.5633,0.0,0.3329,0.5633,0.0,0.3617,0.172,-0.2504,-0.0008,0.172,-0.2504,0.0208
RONIN,A,2024-02-05 09:11,2024-02-05 13:00,3.81,2.374,18388570,0.3564,0.0,0.2767,0.3564,0.0,0.166,0.3564,0.0,0.091,0.0624,-0.2168,-0.0868,0.0624,-0.2168,-0.1455
DYM,A,2024-02-06 09:26,2024-02-06 17:00,7.55,0.2,88660449,29.0,0.0,23.275,31.0,0.0,29.545,40.805,0.0,34.25,0.3182,-0.9588,0.2583,0.7221,-0.9588,0.4521
STRK,A,2024-02-20 02:25,2024-02-20 13:00,10.58,0.2,207047006,37.55,0.0,14.035,37.55,0.0,8.06,37.55,0.0,8.99,1.564,-0.9335,-0.3974,1.564,-0.9335,-0.3356
AXL,A,2024-03-01 07:18,2024-03-01 11:00,3.68,1.2071,30757267,1.2948,0.0,0.7928,1.2948,0.0,0.6142,1.2948,0.0,0.9094,0.28,-0.4422,-0.0996,0.28,-0.4422,0.065
WIF,A,2024-03-05 10:01,2024-03-05 14:00,3.97,1.1892,45683823,0.554,0.0,0.1987,0.8919,-0.1591,0.7857,1.001,-0.1591,0.949,0.5783,-0.2985,0.4897,0.6693,-0.2985,0.6259
METIS,A,2024-03-11 07:59,2024-03-11 12:00,4.01,87.46,17391698,0.6808,0.0,0.4381,0.7942,0.0,0.4952,0.7942,0.0,0.4554,0.2476,-0.3047,0.0397,0.2476,-0.3047,0.012
BOME,A,2024-03-16 09:30,2024-03-16 12:00,2.5,0.007322,137630371,2.6602,0.0,2.1821,3.0213,0.0,1.3137,3.0213,0.0,0.5844,0.2637,-0.6857,-0.2729,0.2637,-0.6857,-0.5021
W,A,2024-04-02 10:39,2024-04-03 12:00,25.34,0.05,137087145,36.2,0.0,25.02,36.2,0.0,22.22,36.2,0.0,19.7,0.4297,-0.9616,-0.1076,0.4297,-0.9616,-0.2045
TNSR,A,2024-04-08 11:44,2024-04-08 15:00,3.26,0.03,79013813,88.6333,0.0,62.3233,88.6333,0.0,62.2267,88.6333,0.0,45.3233,0.4155,-0.9842,-0.0015,0.4155,-0.9842,-0.2685
TAO,A,2024-04-11 06:43,2024-04-11 12:00,5.27,439.8,90165138,1.8399,0.0,0.5709,1.8399,0.0,0.397,1.8399,-0.0905,0.1821,0.8078,-0.3634,-0.1107,0.8078,-0.421,-0.2475
ZK,A,2024-06-17 02:00,2024-06-17 10:00,8.0,0.095,125219032,2.1053,0.0,1.5326,2.1053,0.0,1.3032,2.1053,0.0,1.2253,0.2261,-0.6052,-0.0906,0.2261,-0.6052,-0.1214
ZRO,A,2024-06-20 06:19,2024-06-20 13:00,6.67,1.0,80631100,4.62,0.0,2.694,4.62,0.0,2.178,4.62,0.0,1.984,0.5214,-0.7293,-0.1397,0.5214,-0.7293,-0.1922
TON,A,2024-08-08 05:39,2024-08-08 10:00,4.34,4.352,14052521,0.4867,0.0,0.4233,0.5221,0.0,0.4922,0.5731,0.0,0.5071,0.0694,-0.2974,0.0484,0.1053,-0.2974,0.0589
EURI,A,2024-08-26 07:00,2024-08-28 10:00,51.0,1.12,3677788,0.0719,-0.0086,-0.0074,0.0719,-0.0127,-0.0106,0.0719,-0.0146,-0.0133,0.0799,-0.0053,-0.0032,0.0799,-0.0072,-0.0059
NEIRO,A,2024-09-16 05:45,2024-09-16 10:00,4.25,3.118e-05,31521093,13.1758,0.0,9.6283,13.1758,0.0,11.9663,30.4625,0.0,26.8361,0.3338,-0.9059,0.22,1.9603,-0.9059,1.6191
TURBO,A,2024-09-16 05:45,2024-09-16 10:00,4.25,0.003057,5056817,0.6356,0.0,0.4527,0.6356,0.0,0.5136,0.8234,0.0,0.6569,0.1259,-0.3116,0.0419,0.2551,-0.3116,0.1405
1MBABYDOGE,A,2024-09-16 05:45,2024-09-16 10:00,4.25,0.0008704,9664421,1.0221,0.0,0.8632,1.4357,0.0,1.1696,1.8208,0.0,1.4698,0.3073,-0.4633,0.1645,0.514,-0.4633,0.3256
EIGEN,A,2024-09-30 08:19,2024-10-01 05:00,20.67,0.3,90404862,15.4667,0.0,12.2733,15.4667,0.0,12.3633,15.4667,0.0,10.39,0.2406,-0.9247,0.0068,0.2406,-0.9247,-0.1419
BNSOL,A,2024-10-09 07:00,2024-10-17 08:00,193.0,155.1,844899,0.0832,-0.0535,-0.0058,0.0832,-0.0535,-0.0013,0.0832,-0.0535,0.0303,0.0895,-0.048,0.0045,0.0895,-0.048,0.0363
COW,A,2024-11-06 05:10,2024-11-06 12:00,6.83,0.249,28336259,1.0422,0.0,0.9221,2.104,0.0,1.1863,2.104,0.0,0.9193,0.6149,-0.4797,0.1375,0.6149,-0.4797,-0.0015
CETUS,A,2024-11-06 05:10,2024-11-06 12:00,6.83,0.1905,16632971,0.7234,0.0,0.4703,1.0735,0.0,0.9564,1.4042,0.0,0.9444,0.4102,-0.3199,0.3306,0.6351,-0.3199,0.3224
ACT,A,2024-11-11 05:39,2024-11-11 10:00,4.34,0.0196,101014991,23.1837,0.0,19.4286,31.5,0.0,24.7653,47.4694,0.0,41.7908,0.5909,-0.951,0.2612,1.3726,-0.951,1.0947
PNUT,A,2024-11-11 05:39,2024-11-11 10:00,4.34,0.1047,53380501,3.5845,0.0,3.0516,4.2531,0.0,3.0086,22.8777,0.0,17.7889,0.2966,-0.7532,-0.0106,4.8934,-0.7532,3.6374
ACX,A,2024-12-06 08:34,2024-12-06 13:00,4.43,0.5719,183198625,2.2523,0.0,1.2266,2.2523,0.0,0.773,2.2523,0.0,0.6564,0.4607,-0.5509,-0.2037,0.4607,-0.5509,-0.2561
ORCA,A,2024-12-06 08:34,2024-12-06 13:00,4.43,3.788,62594430,2.3791,0.0,1.1465,2.3791,0.0,0.669,2.3791,0.0,0.4997,0.5742,-0.5341,-0.2225,0.5742,-0.5341,-0.3013
ME,A,2024-12-10 07:22,2024-12-10 15:00,7.63,0.3,193101663,19.8,0.0,13.4933,25.6667,0.0,17.0033,25.6667,0.0,13.0267,0.8399,-0.931,0.2422,0.8399,-0.931,-0.0322
VELODROME,A,2024-12-13 08:07,2024-12-13 14:00,5.87,0.1484,77422745,1.6146,0.0,1.0977,1.6146,0.0,0.7008,1.6146,0.0,0.3915,0.2464,-0.5233,-0.1892,0.2464,-0.5233,-0.3367
AIXBT,A,2025-01-10 08:55,2025-01-10 13:00,4.08,0.3931,17872700,0.5263,0.0,0.3058,0.5263,0.0,0.2134,0.5263,-0.0046,0.0231,0.1689,-0.2342,-0.0707,0.1689,-0.2377,-0.2164
CGPT,A,2025-01-10 08:55,2025-01-10 13:00,4.08,0.2129,37968537,1.1982,0.0,0.7055,1.2217,0.0,0.5604,1.2217,0.0,0.5594,0.3027,-0.4137,-0.0851,0.3027,-0.4137,-0.0857
COOKIE,A,2025-01-10 08:55,2025-01-10 13:00,4.08,0.4566,13352980,0.5329,0.0,0.226,0.5329,0.0,0.1511,0.5329,-0.1356,-0.094,0.2503,-0.1844,-0.0611,0.2503,-0.2949,-0.261
TRUMP,A,2025-01-19 04:05,2025-01-19 08:00,3.9,27.25,577507887,1.3486,0.0,1.1629,1.8345,0.0,1.1758,1.8345,0.0,0.5596,0.3105,-0.5377,0.0059,0.3105,-0.5377,-0.2789
1000CHEEMS,A,2025-02-09 07:10,2025-02-09 11:00,3.82,0.00086,23962786,1.1907,0.0,0.2209,1.1907,-0.2209,-0.186,1.1907,-0.2256,0.1093,0.7943,-0.3619,-0.3333,0.7943,-0.3657,-0.0914
TST,A,2025-02-09 07:10,2025-02-09 11:00,3.82,0.139,123000468,2.7986,0.0,1.8777,2.7986,0.0,0.1741,2.7986,0.0,0.1791,0.32,-0.6525,-0.592,0.32,-0.6525,-0.5903
XUSD,A,2025-03-17 07:00,2025-03-19 08:00,49.0,1.0,2014659,0.0095,-0.0048,-0.0003,0.0095,-0.0048,-0.0002,0.0095,-0.0048,0.0002,0.0098,-0.0045,0.0001,0.0098,-0.0045,0.0005
MUBARAK,A,2025-03-27 17:27,2025-03-27 21:00,3.55,0.107,5500972,0.8692,0.0,0.2121,0.8692,-0.2402,-0.1832,0.8692,-0.485,-0.4224,0.542,-0.3732,-0.3261,0.542,-0.5752,-0.5235
BROCCOLI714,A,2025-03-27 17:27,2025-03-27 21:00,3.55,0.0393,2554289,1.2392,0.0,0.9427,1.2392,0.0,0.3753,1.2392,0.0,0.3817,0.1526,-0.4853,-0.2921,0.1526,-0.4853,-0.2888
TUT,A,2025-03-27 17:27,2025-03-27 21:00,3.55,0.01261,7738622,3.5995,0.0,2.4306,3.5995,0.0,2.1221,3.5995,0.0,2.0912,0.3407,-0.7085,-0.0899,0.3407,-0.7085,-0.0989
BANANAS31,A,2025-03-27 17:27,2025-03-27 21:00,3.55,0.005296,2908571,0.8882,0.0,0.3116,0.8882,-0.0378,0.0076,0.8882,-0.1569,0.027,0.4397,-0.2663,-0.2318,0.4397,-0.3572,-0.217
ONDO,A,2025-04-11 10:08,2025-04-11 14:00,3.86,0.7056,5455791,0.3109,0.0,0.2469,0.3162,0.0,0.2758,0.3162,0.0,0.2608,0.0556,-0.198,0.0232,0.0556,-0.198,0.0111
BIGTIME,A,2025-04-11 10:08,2025-04-11 14:00,3.86,0.06362,3066709,0.2889,0.0,0.1234,0.2889,0.0,0.1262,0.2889,0.0,0.0648,0.1473,-0.1098,0.0025,0.1473,-0.1098,-0.0522
VIRTUAL,A,2025-04-11 10:08,2025-04-11 14:00,3.86,0.4199,4067237,0.4289,0.0,0.2639,0.4289,0.0,0.3422,0.5177,0.0,0.3387,0.1306,-0.2088,0.062,0.2009,-0.2088,0.0592
SYRUP,A,2025-05-06 11:25,2025-05-06 15:00,3.58,0.1432,23769134,5.9832,0.0,0.5894,5.9832,0.0,0.4679,5.9832,0.0,0.6508,3.3937,-0.3708,-0.0764,3.3937,-0.3708,0.0387
KMNO,A,2025-05-06 11:25,2025-05-06 15:00,3.58,0.06384,3994752,0.4881,0.0,0.1833,0.4881,0.0,0.0738,0.4881,0.0,0.2354,0.2576,-0.1549,-0.0925,0.2576,-0.1549,0.0441
USD1,A,2025-05-22 03:30,2025-05-22 12:00,8.5,1.0,14578459,0.03,-0.0005,-0.0002,0.03,-0.0005,0.0,0.03,-0.0005,-0.0001,0.0302,-0.0003,0.0002,0.0302,-0.0003,0.0001
BFUSD,B,2025-08-13 03:00,2025-08-13 14:00,11.0,1.0,3916174,0.08,-0.005,-0.0006,0.08,-0.005,-0.0006,0.08,-0.005,-0.0006,0.0806,-0.0044,0.0,0.0806,-0.0044,0.0
WLFI,A,2025-09-01 01:49,2025-09-01 13:00,11.18,0.2,286866771,1.39,0.0,0.399,1.39,0.0,0.1405,1.39,-0.1395,-0.1125,0.7084,-0.2852,-0.1848,0.7084,-0.3849,-0.3656
USDE,A,2025-09-09 07:00,2025-09-09 12:00,5.0,1.0,6131120,0.01,0.0,0.0007,0.01,0.0,0.0008,0.01,0.0,0.0006,0.0093,-0.0007,0.0001,0.0093,-0.0007,-0.0001
PUMP,A,2025-09-11 11:37,2025-09-11 12:00,0.37,0.004502,17403874,0.2928,0.0,0.2259,0.4149,0.0,0.3594,0.8814,0.0,0.7874,0.1542,-0.1843,0.1089,0.5347,-0.1843,0.4581
AVNT,A,2025-09-15 03:47,2025-09-15 05:00,1.22,0.81,45212264,1.5926,0.0,0.7262,1.5926,0.0,0.3775,1.5926,0.0,0.426,0.5019,-0.4207,-0.202,0.5019,-0.4207,-0.1739
ASTER,A,2025-10-06 07:48,2025-10-06 12:00,4.19,1.5,87449558,1.0,0.0,0.4287,1.0,0.0,0.37,1.0,0.0,0.19,0.3999,-0.3,-0.0411,0.3999,-0.3,-0.1671
GIGGLE,A,2025-10-25 03:02,2025-10-25 06:00,2.96,69.1,38867909,3.5311,0.0,2.2059,3.5311,0.0,2.454,3.5311,0.0,1.5245,0.4134,-0.6881,0.0774,0.4134,-0.6881,-0.2126
F,A,2025-10-25 03:02,2025-10-25 06:00,2.96,0.021,5680968,0.3586,0.0,0.27,0.3586,-0.0038,0.0681,0.3586,-0.1843,-0.1652,0.0697,-0.2156,-0.159,0.0697,-0.3577,-0.3427
BANK,A,2025-11-13 10:00,2025-11-13 14:00,3.99,0.077,18054104,0.1623,-0.3299,-0.2545,0.1623,-0.3623,-0.3286,0.1623,-0.3831,-0.3052,0.5592,-0.1446,-0.0993,0.5592,-0.1725,-0.0679
MET,A,2025-11-13 10:00,2025-11-13 14:00,3.99,0.467,6321391,0.1756,-0.0452,-0.0328,0.1756,-0.1612,-0.0355,0.1756,-0.1612,-0.1075,0.2154,-0.1328,-0.0029,0.2154,-0.1328,-0.0773
KGST,B,2025-12-22 07:00,2025-12-24 08:00,49.0,0.011,2116913,0.1,0.0,0.1,0.1,0.0,0.0391,0.1,0.0,0.0373,0.0,-0.0909,-0.0554,0.0,-0.0909,-0.057
ZKP,A,2026-01-07 10:39,2026-01-07 14:00,3.35,0.1032,24116742,1.2917,0.0,0.9186,1.2917,0.0,0.6444,1.2917,0.0,0.5233,0.1944,-0.4788,-0.1429,0.1944,-0.4788,-0.2061
U,A,2026-01-12 07:30,2026-01-13 08:00,24.5,1.0,4244445,0.0072,-0.0005,0.0008,0.0072,-0.0005,0.0,0.0072,-0.0005,0.0001,0.0064,-0.0013,-0.0008,0.0064,-0.0013,-0.0007
FOGO,A,2026-01-12 12:50,2026-01-15 14:00,73.15,0.035,84627002,1.7737,0.0,0.7029,1.7737,0.0,0.1789,1.7737,-0.0591,-0.0194,0.6289,-0.4128,-0.3077,0.6289,-0.4475,-0.4242
RLUSD,A,2026-01-21 08:30,2026-01-22 08:00,23.5,1.0,1034557,0.0038,0.0,0.0008,0.0038,0.0,0.001,0.0038,0.0,0.0014,0.003,-0.0008,0.0002,0.003,-0.0008,0.0006
SENT,A,2026-01-22 05:25,2026-01-22 13:00,7.57,0.011,23081287,1.5436,0.0,1.0382,2.0727,0.0,1.2664,2.0727,0.0,1.4927,0.5076,-0.5094,0.112,0.5076,-0.5094,0.223
ZAMA,A,2026-02-02 04:28,2026-02-02 13:00,8.52,0.025,22696299,0.9552,0.0,0.2792,0.9552,0.0,0.2524,0.9552,-0.0124,0.1916,0.5285,-0.2183,-0.021,0.5285,-0.228,-0.0685
ESP,A,2026-02-12 07:28,2026-02-12 13:00,5.53,0.0278,13412767,1.9547,0.0,1.7881,2.1964,0.0,1.136,2.1964,0.0,1.0568,0.1464,-0.6413,-0.2339,0.1464,-0.6413,-0.2623
ROBO,A,2026-03-04 13:13,2026-03-04 16:00,2.78,0.0348,9230156,0.4052,0.0,0.2514,0.4052,0.0,0.196,0.4052,0.0,0.2348,0.1228,-0.2009,-0.0443,0.1228,-0.2009,-0.0133
KAT,A,2026-03-13 01:45,2026-03-18 13:00,131.24,0.005,10021995,2.622,0.0,1.654,2.622,0.0,1.082,2.622,0.0,1.064,0.3647,-0.6232,-0.2155,0.3647,-0.6232,-0.2223
CFG,A,2026-03-16 10:22,2026-03-16 13:00,2.62,0.1,15827085,2.48,0.0,1.102,2.48,0.0,0.652,2.48,0.0,0.476,0.6556,-0.5243,-0.2141,0.6556,-0.5243,-0.2978
XAUT,A,2026-03-26 10:45,2026-03-26 14:00,3.24,4415.0,5238000,0.0193,-0.0011,0.0116,0.0193,-0.013,0.003,0.0296,-0.013,0.0186,0.0076,-0.0243,-0.0085,0.0178,-0.0243,0.0069
CHIP,A,2026-04-21 12:00,2026-04-21 13:00,0.99,0.012,7655450,4.4167,0.0,3.8458,8.9367,0.0,8.2242,10.7242,0.0,6.7325,1.0506,-0.7936,0.9035,1.4194,-0.7936,0.5957
MEGA,A,2026-04-30 09:07,2026-04-30 11:00,1.88,0.053,24199193,5.9811,0.0,2.3191,5.9811,0.0,1.9426,5.9811,0.0,1.3964,1.1033,-0.6987,-0.1134,1.1033,-0.6987,-0.278
AIGENSYN,A,2026-05-14 10:00,2026-05-14 17:00,7.0,0.02506,12860499,1.1193,0.0,0.8152,1.1193,0.0,0.6309,1.1193,0.0,0.4804,0.1675,-0.4491,-0.1016,0.1675,-0.4491,-0.1844
GENIUS,A,2026-05-22 07:18,2026-05-22 12:00,4.69,0.4329,9786743,0.5362,0.0,0.3486,0.6168,0.0,0.5022,0.912,0.0,0.5216,0.1989,-0.2585,0.1139,0.4178,-0.2585,0.1283
OPG,A,2026-05-22 07:18,2026-05-22 12:00,4.69,0.23,4281083,0.21,0.0,0.1252,0.21,-0.1104,-0.0857,0.21,-0.1104,0.0113,0.0753,-0.2094,-0.1874,0.0753,-0.2094,-0.1012
RE,A,2026-06-18 09:47,2026-06-18 14:00,4.21,0.05,20693363,11.762,0.0,10.284,16.566,0.0,14.068,20.886,0.0,18.334,0.5567,-0.9114,0.3353,0.9396,-0.9114,0.7134
AERO,A,2026-07-17 07:30,2026-07-17 16:00,8.5,0.4724,3028439,0.0965,0.0,0.0347,0.0965,-0.0548,-0.044,0.0965,-0.079,-0.0574,0.0597,-0.0865,-0.0761,0.0597,-0.1099,-0.089
MARSCOIN,A,2026-09-04 10:15,2026-09-04 13:00,2.75,0.1095,13858523,0.7242,0.0,0.5963,1.3005,0.0,1.2658,1.4429,0.0,0.5553,0.4411,-0.3736,0.4193,0.5303,-0.3736,-0.0257
HYPE,A,2026-09-24 07:30,2026-09-24 11:00,3.49,92.0,5028244,0.0033,-0.0146,-0.0107,0.0313,-0.0146,0.0217,0.0313,-0.0173,0.0125,0.0424,-0.004,0.0327,0.0424,-0.0067,0.0234
